	TRACE	MPKBr_1K	MPKBr_10K	MPKBr_100K	MPKBr_1M	MPKBr_10M	NUM_INSTRUCTIONS	NUM_BR	NUM_UNCOND_BR	NUM_CONDITIONAL_BR	NUM_MISPREDICTIONS	MISPRED_PER_1K_INST	filename	trace	trace_category	MPKBr_30M	MPKBr_60M	MPKBr_100M	MPKBr_300M	MPKBr_600M	MPKBr_1B
0	../traces/LONG_MOBILE-1.bt9.trace.gz	415.000000	327.100000	475.130000	481.149000	484.727600	642168792	29269647	54105	29215542	14200008	22.112579	statict/LONG_MOBILE-1.bt9.trace.res	LONG_MOBILE-1	LONG_MOBILE						
1	../traces/LONG_MOBILE-2.bt9.trace.gz	64.000000	6.400000	361.910000	576.456000	580.912600	1271560006	112993125	1404676	111588449	65570038	51.566609	statict/LONG_MOBILE-2.bt9.trace.res	LONG_MOBILE-2	LONG_MOBILE	580.352667	580.290217	580.340960			
2	../traces/LONG_MOBILE-5.bt9.trace.gz	337.000000	106.300000	64.610000	59.557000		1000000000	4038314	2489985	1548329	142244	0.142244	statict/LONG_MOBILE-5.bt9.trace.res	LONG_MOBILE-5	LONG_MOBILE						
3	../traces/LONG_MOBILE-3.bt9.trace.gz	351.000000	413.200000	444.320000	482.436000	455.276700	1283893069	163272689	26253683	137019006	72133759	56.183619	statict/LONG_MOBILE-3.bt9.trace.res	LONG_MOBILE-3	LONG_MOBILE	441.093000	437.494283	444.450830			
4	../traces/LONG_MOBILE-4.bt9.trace.gz	342.000000	191.300000	170.310000	167.996000	167.804400	999999976	13881337	22884	13858453	2329343	2.329343	statict/LONG_MOBILE-4.bt9.trace.res	LONG_MOBILE-4	LONG_MOBILE						
5	../traces/LONG_MOBILE-6.bt9.trace.gz	342.000000	45.500000	131.510000	577.626000	525.276500	514635404	71815794	14786976	57028818	37437007	72.744717	statict/LONG_MOBILE-6.bt9.trace.res	LONG_MOBILE-6	LONG_MOBILE	522.371800	521.328950				
6	../traces/LONG_MOBILE-7.bt9.trace.gz	339.000000	326.200000	515.760000	613.136000	608.629800	599758591	102414543	6556201	95858342	61359951	102.307748	statict/LONG_MOBILE-7.bt9.trace.res	LONG_MOBILE-7	LONG_MOBILE	601.066700	600.345283	599.020900			
7	../traces/LONG_MOBILE-8.bt9.trace.gz	220.000000	202.200000	210.370000	211.149000	211.258500	5789354553	811360113	426874521	384485592	171684913	29.655277	statict/LONG_MOBILE-8.bt9.trace.res	LONG_MOBILE-8	LONG_MOBILE	211.261433	211.267083	211.271700	211.309757	211.397395	
8	../traces/LONG_MOBILE-9.bt9.trace.gz	489.000000	469.700000	291.430000	240.138000	267.817600	990358237	269658601	2588186	267070415	73011753	73.722569	statict/LONG_MOBILE-9.bt9.trace.res	LONG_MOBILE-9	LONG_MOBILE	269.455067	271.637033	271.334840			
9	../traces/LONG_MOBILE-11.bt9.trace.gz	309.000000	243.100000	291.000000	288.929000	241.001900	1207440258	325563619	94204876	231358743	167576842	138.786860	statict/LONG_MOBILE-11.bt9.trace.res	LONG_MOBILE-11	LONG_MOBILE	274.079900	409.416483	461.522860	517.421917		
10	../traces/LONG_MOBILE-12.bt9.trace.gz	309.000000	244.100000	290.770000	288.326000	240.868500	1688784689	436394748	112850745	323544003	260252277	154.106251	statict/LONG_MOBILE-12.bt9.trace.res	LONG_MOBILE-12	LONG_MOBILE	275.129800	448.237100	519.531180	589.680020		
11	../traces/LONG_MOBILE-13.bt9.trace.gz	65.000000	29.500000	26.080000	175.522000		1899254569	9074602	47369	9027233	1773597	0.933838	statict/LONG_MOBILE-13.bt9.trace.res	LONG_MOBILE-13	LONG_MOBILE						
12	../traces/LONG_MOBILE-14.bt9.trace.gz	348.000000	147.700000	14.770000	382.920000	465.024100	996258435	231568519	34825181	196743338	109578496	109.990031	statict/LONG_MOBILE-14.bt9.trace.res	LONG_MOBILE-14	LONG_MOBILE	470.762267	472.336717	472.910970			
13	../traces/LONG_MOBILE-15.bt9.trace.gz	451.000000	606.600000	844.170000	867.639000	869.149700	1540382230	341525363	44793411	296731952	295894823	192.091818	statict/LONG_MOBILE-15.bt9.trace.res	LONG_MOBILE-15	LONG_MOBILE	869.061500	869.015250	868.875930	867.558587		
14	../traces/LONG_MOBILE-16.bt9.trace.gz	348.000000	499.500000	580.860000	459.502000	457.555200	1658101133	97906477	27848166	70058311	44471293	26.820616	statict/LONG_MOBILE-16.bt9.trace.res	LONG_MOBILE-16	LONG_MOBILE	456.116267	455.826983				
15	../traces/LONG_MOBILE-17.bt9.trace.gz	348.000000	499.500000	580.820000	460.619000	470.696700	3084656168	117925615	25271073	92654542	55162131	17.882749	statict/LONG_MOBILE-17.bt9.trace.res	LONG_MOBILE-17	LONG_MOBILE	467.204100	468.246767	469.434420			
16	../traces/LONG_MOBILE-18.bt9.trace.gz	348.000000	465.500000	325.210000	144.973000	264.364000	1594582569	86784978	19134527	67650451	24180595	15.164216	statict/LONG_MOBILE-18.bt9.trace.res	LONG_MOBILE-18	LONG_MOBILE	276.346033	277.839117				
17	../traces/LONG_MOBILE-19.bt9.trace.gz	247.000000	313.900000	45.190000	5.119000	15.332100	1980734565	97764489	5647082	92117407	3164696	1.597739	statict/LONG_MOBILE-19.bt9.trace.res	LONG_MOBILE-19	LONG_MOBILE	22.117567	25.722967				
18	../traces/LONG_SERVER-1.bt9.trace.gz	384.000000	232.800000	383.240000	394.199000	395.576600	871444047	149246445	48581498	100664947	51989731	59.659288	statict/LONG_SERVER-1.bt9.trace.res	LONG_SERVER-1	LONG_SERVER	389.454067	375.362083	379.776070			
19	../traces/LONG_SERVER-2.bt9.trace.gz	413.000000	141.900000	295.880000	341.184000	417.299900	1578129863	419762285	19648824	400113461	206755367	131.012898	statict/LONG_SERVER-2.bt9.trace.res	LONG_SERVER-2	LONG_SERVER	446.233400	472.308517	475.794670	488.429700		
20	../traces/LONG_SERVER-3.bt9.trace.gz	257.000000	280.000000	254.420000	326.059000	214.110200	1427677542	392361077	111322650	281038427	132872422	93.068931	statict/LONG_SERVER-3.bt9.trace.res	LONG_SERVER-3	LONG_SERVER	364.561633	320.509650	334.154670	337.970657		
21	../traces/LONG_SERVER-4.bt9.trace.gz	255.000000	278.100000	255.710000	280.247000	275.079100	804129334	187260936	71902747	115358189	61223205	76.136017	statict/LONG_SERVER-4.bt9.trace.res	LONG_SERVER-4	LONG_SERVER	341.635867	325.167300	342.313960			
22	../traces/SHORT_MOBILE-1.bt9.trace.gz	422.000000	366.500000	322.540000	308.258000	307.085700	148974179	16662268	4744842	11917426	5116668	34.346006	statict/SHORT_MOBILE-1.bt9.trace.res	SHORT_MOBILE-1	SHORT_MOBILE						
23	../traces/SHORT_MOBILE-2.bt9.trace.gz	344.000000	260.800000	263.460000	330.855000	337.777400	344783366	54336215	3180019	51156196	18388272	53.332828	statict/SHORT_MOBILE-2.bt9.trace.res	SHORT_MOBILE-2	SHORT_MOBILE	338.161600					
24	../traces/SHORT_MOBILE-3.bt9.trace.gz	422.000000	445.300000	209.800000	101.296000	82.761200	101127141	15996915	103519	15893396	1300096	12.856054	statict/SHORT_MOBILE-3.bt9.trace.res	SHORT_MOBILE-3	SHORT_MOBILE						
25	../traces/SHORT_MOBILE-4.bt9.trace.gz	374.000000	253.000000	229.850000	230.398000	251.963100	372505316	17837676	858555	16979121	4600454	12.350036	statict/SHORT_MOBILE-4.bt9.trace.res	SHORT_MOBILE-4	SHORT_MOBILE						
26	../traces/SHORT_MOBILE-5.bt9.trace.gz	418.000000	446.200000	460.240000	389.621000	400.432000	169326426	21765365	2209771	19555594	8683949	51.285255	statict/SHORT_MOBILE-5.bt9.trace.res	SHORT_MOBILE-5	SHORT_MOBILE						
27	../traces/SHORT_MOBILE-6.bt9.trace.gz	410.000000	362.700000	306.690000	368.156000	375.186700	225731243	22109626	1675058	20434568	8314619	36.834152	statict/SHORT_MOBILE-6.bt9.trace.res	SHORT_MOBILE-6	SHORT_MOBILE						
28	../traces/SHORT_MOBILE-7.bt9.trace.gz	382.000000	508.200000	566.460000	612.963000	613.522800	140479767	26276670	2016522	24260148	16026755	114.085860	statict/SHORT_MOBILE-7.bt9.trace.res	SHORT_MOBILE-7	SHORT_MOBILE						
29	../traces/SHORT_MOBILE-8.bt9.trace.gz	354.000000	296.000000	291.160000	290.127000	290.006800	154558316	17182905	5750652	11432253	4983214	32.241643	statict/SHORT_MOBILE-8.bt9.trace.res	SHORT_MOBILE-8	SHORT_MOBILE						
30	../traces/SHORT_MOBILE-9.bt9.trace.gz	415.000000	327.100000	475.130000	481.149000	484.727600	642168792	29269647	54105	29215542	14200008	22.112579	statict/SHORT_MOBILE-9.bt9.trace.res	SHORT_MOBILE-9	SHORT_MOBILE						
31	../traces/SHORT_MOBILE-10.bt9.trace.gz	308.000000	208.600000	387.660000	278.632000	290.506700	309468326	21751583	1076746	20674837	6255496	20.213687	statict/SHORT_MOBILE-10.bt9.trace.res	SHORT_MOBILE-10	SHORT_MOBILE						
32	../traces/SHORT_MOBILE-11.bt9.trace.gz	353.000000	95.800000	10.840000	1.604000		100354118	2456987	4390	2452597	3504	0.034916	statict/SHORT_MOBILE-11.bt9.trace.res	SHORT_MOBILE-11	SHORT_MOBILE						
33	../traces/SHORT_MOBILE-12.bt9.trace.gz	353.000000	52.200000	6.310000	1.515000		113837138	3681236	4584	3676652	3555	0.031229	statict/SHORT_MOBILE-12.bt9.trace.res	SHORT_MOBILE-12	SHORT_MOBILE						
34	../traces/SHORT_MOBILE-13.bt9.trace.gz	353.000000	105.900000	10.590000	1.862000		104905199	4205459	4837	4200622	3891	0.037091	statict/SHORT_MOBILE-13.bt9.trace.res	SHORT_MOBILE-13	SHORT_MOBILE						
35	../traces/SHORT_MOBILE-14.bt9.trace.gz	343.000000	89.000000	62.120000	57.659000	57.552400	1000000000	38684342	2221649	36462693	2226407	2.226407	statict/SHORT_MOBILE-14.bt9.trace.res	SHORT_MOBILE-14	SHORT_MOBILE	57.568567					
36	../traces/SHORT_MOBILE-15.bt9.trace.gz	358.000000	80.200000	35.700000	31.262000	30.932100	1000000000	200505887	22069	200483818	6185942	6.185942	statict/SHORT_MOBILE-15.bt9.trace.res	SHORT_MOBILE-15	SHORT_MOBILE	30.872233	30.858367	30.855860			
37	../traces/SHORT_MOBILE-16.bt9.trace.gz	351.000000	355.100000	372.550000	312.140000	297.996300	536505108	81720684	34698878	47021806	24258860	45.216457	statict/SHORT_MOBILE-16.bt9.trace.res	SHORT_MOBILE-16	SHORT_MOBILE	297.282067	297.001850				
38	../traces/SHORT_MOBILE-17.bt9.trace.gz	343.000000	378.300000	387.220000	388.407000		1000000000	7018378	1957256	5061122	2727059	2.727059	statict/SHORT_MOBILE-17.bt9.trace.res	SHORT_MOBILE-17	SHORT_MOBILE						
39	../traces/SHORT_MOBILE-18.bt9.trace.gz	0.000000	1.500000	4.450000	5.455000	4.886400	993336489	213632603	1628241	212004362	1251089	1.259482	statict/SHORT_MOBILE-18.bt9.trace.res	SHORT_MOBILE-18	SHORT_MOBILE	4.345500	5.348517	6.067940			
40	../traces/SHORT_MOBILE-19.bt9.trace.gz	322.000000	351.200000	242.510000	120.853000		78221020	2111601	9159	2102442	242487	3.100023	statict/SHORT_MOBILE-19.bt9.trace.res	SHORT_MOBILE-19	SHORT_MOBILE						
41	../traces/SHORT_MOBILE-20.bt9.trace.gz	317.000000	242.000000	291.580000	290.153000	217.956300	383113832	92280401	40880141	51400260	27483669	71.737606	statict/SHORT_MOBILE-20.bt9.trace.res	SHORT_MOBILE-20	SHORT_MOBILE	243.962233	284.900383				
42	../traces/SHORT_MOBILE-21.bt9.trace.gz	310.000000	243.100000	291.200000	292.479000	246.682200	2163787881	551117375	245304980	305812395	161614426	74.690513	statict/SHORT_MOBILE-21.bt9.trace.res	SHORT_MOBILE-21	SHORT_MOBILE	214.037833	251.618317	269.524050	288.298347		
43	../traces/SHORT_MOBILE-23.bt9.trace.gz	309.000000	235.200000	288.720000	288.949000	228.985100	3629750101	1000480336	446276088	554204248	286411555	78.906687	statict/SHORT_MOBILE-23.bt9.trace.res	SHORT_MOBILE-23	SHORT_MOBILE	261.445000	271.128000	277.292850	283.924950	285.684470	286.289025
44	../traces/SHORT_MOBILE-24.bt9.trace.gz	1.000000	0.100000	0.130000			100106755	770140	0	770140	93	0.000929	statict/SHORT_MOBILE-24.bt9.trace.res	SHORT_MOBILE-24	SHORT_MOBILE						
45	../traces/SHORT_MOBILE-25.bt9.trace.gz	1.000000	0.100000	0.130000	0.123000		99206158	2834777	0	2834777	345	0.003478	statict/SHORT_MOBILE-25.bt9.trace.res	SHORT_MOBILE-25	SHORT_MOBILE						
46	../traces/SHORT_MOBILE-26.bt9.trace.gz	498.000000	499.800000	499.980000	499.993000	499.991200	2883605006	262150501	131075000	131075501	131073002	45.454562	statict/SHORT_MOBILE-26.bt9.trace.res	SHORT_MOBILE-26	SHORT_MOBILE	499.991367	499.991417	499.991430			
47	../traces/SHORT_MOBILE-27.bt9.trace.gz	123.000000					220814	4004	303	3701	501	2.268878	statict/SHORT_MOBILE-27.bt9.trace.res	SHORT_MOBILE-27	SHORT_MOBILE						
48	../traces/SHORT_MOBILE-28.bt9.trace.gz	110.000000	111.200000	111.340000			14055614	230804	303	230501	25701	1.828522	statict/SHORT_MOBILE-28.bt9.trace.res	SHORT_MOBILE-28	SHORT_MOBILE						
49	../traces/SHORT_MOBILE-29.bt9.trace.gz	348.000000	446.900000	299.550000	364.875000		100018978	7689332	1362323	6327009	2851905	28.513639	statict/SHORT_MOBILE-29.bt9.trace.res	SHORT_MOBILE-29	SHORT_MOBILE						
50	../traces/SHORT_MOBILE-30.bt9.trace.gz	344.000000	428.900000	487.370000	489.058000	489.143500	658661227	123358312	11682420	111675892	60348196	91.622512	statict/SHORT_MOBILE-30.bt9.trace.res	SHORT_MOBILE-30	SHORT_MOBILE	489.267833	489.183800	489.227450			
51	../traces/SHORT_MOBILE-31.bt9.trace.gz	65.000000	29.500000	26.080000	175.522000		1899254569	9074602	47369	9027233	1773597	0.933838	statict/SHORT_MOBILE-31.bt9.trace.res	SHORT_MOBILE-31	SHORT_MOBILE						
52	../traces/SHORT_MOBILE-32.bt9.trace.gz	322.000000	350.500000	386.420000	337.285000		99702195	3086155	40273	3045882	1030056	10.331327	statict/SHORT_MOBILE-32.bt9.trace.res	SHORT_MOBILE-32	SHORT_MOBILE						
53	../traces/SHORT_MOBILE-33.bt9.trace.gz	123.000000	124.800000	124.980000	124.998000		216999993	2399995	99999	2299996	299997	1.382475	statict/SHORT_MOBILE-33.bt9.trace.res	SHORT_MOBILE-33	SHORT_MOBILE						
54	../traces/SHORT_MOBILE-34.bt9.trace.gz	68.000000	68.300000				2115006	22001	501	21500	1500	0.709218	statict/SHORT_MOBILE-34.bt9.trace.res	SHORT_MOBILE-34	SHORT_MOBILE						
55	../traces/SHORT_MOBILE-35.bt9.trace.gz	35.000000	35.300000				4226507	42501	501	42000	1500	0.354903	statict/SHORT_MOBILE-35.bt9.trace.res	SHORT_MOBILE-35	SHORT_MOBILE						
56	../traces/SHORT_MOBILE-36.bt9.trace.gz	11.000000	9.200000	9.080000			16895507	165501	501	165000	1500	0.088781	statict/SHORT_MOBILE-36.bt9.trace.res	SHORT_MOBILE-36	SHORT_MOBILE						
57	../traces/SHORT_MOBILE-37.bt9.trace.gz	348.000000	499.500000	580.820000	338.267000	448.458100	3195627559	135575678	32480319	103095359	60189055	18.834815	statict/SHORT_MOBILE-37.bt9.trace.res	SHORT_MOBILE-37	SHORT_MOBILE	440.073367	441.385800	444.736020			
58	../traces/SHORT_MOBILE-38.bt9.trace.gz	348.000000	499.500000	580.860000	459.502000	457.555200	1658101133	97906477	27848166	70058311	44471293	26.820616	statict/SHORT_MOBILE-38.bt9.trace.res	SHORT_MOBILE-38	SHORT_MOBILE	456.116267	455.826983				
59	../traces/SHORT_MOBILE-39.bt9.trace.gz	348.000000	474.500000	503.120000	299.790000	357.816100	553679960	13883538	3735573	10147965	5017226	9.061599	statict/SHORT_MOBILE-39.bt9.trace.res	SHORT_MOBILE-39	SHORT_MOBILE						
60	../traces/SHORT_MOBILE-40.bt9.trace.gz	376.000000	61.300000	22.870000	19.305000	19.768200	295563164	42764602	541899	42222703	817701	2.766586	statict/SHORT_MOBILE-40.bt9.trace.res	SHORT_MOBILE-40	SHORT_MOBILE	19.505700					
61	../traces/SHORT_MOBILE-41.bt9.trace.gz	662.000000	663.100000	663.260000	663.182000	663.043400	999996940	248983940	83032148	165951792	165104244	165.104749	statict/SHORT_MOBILE-41.bt9.trace.res	SHORT_MOBILE-41	SHORT_MOBILE	663.096067	663.107450	663.112440			
62	../traces/SHORT_MOBILE-42.bt9.trace.gz	352.000000	332.400000	544.690000	584.469000	588.551300	100189686	35697230	737868	34959362	20995621	209.558706	statict/SHORT_MOBILE-42.bt9.trace.res	SHORT_MOBILE-42	SHORT_MOBILE	588.824767					
63	../traces/SHORT_MOBILE-43.bt9.trace.gz	357.000000	498.300000	226.370000	151.086000	143.556200	100067714	16898205	3627327	13270878	2422230	24.205909	statict/SHORT_MOBILE-43.bt9.trace.res	SHORT_MOBILE-43	SHORT_MOBILE						
64	../traces/SHORT_MOBILE-44.bt9.trace.gz	352.000000	332.700000	244.360000	96.466000	81.678000	99999170	16532002	791761	15740241	1341654	13.416651	statict/SHORT_MOBILE-44.bt9.trace.res	SHORT_MOBILE-44	SHORT_MOBILE						
65	../traces/SHORT_MOBILE-45.bt9.trace.gz	27.000000	43.500000	44.900000	40.800000	50.777300	236538163	11439517	96874	11342643	666142	2.816214	statict/SHORT_MOBILE-45.bt9.trace.res	SHORT_MOBILE-45	SHORT_MOBILE						
66	../traces/SHORT_MOBILE-46.bt9.trace.gz	520.000000	523.100000	449.000000	437.382000	437.246000	110000000	12329142	3520318	8808824	5374488	48.858982	statict/SHORT_MOBILE-46.bt9.trace.res	SHORT_MOBILE-46	SHORT_MOBILE						
67	../traces/SHORT_MOBILE-47.bt9.trace.gz	388.000000	390.400000	390.330000	390.341000	390.349600	110000000	18559672	2716049	15843623	7244683	65.860755	statict/SHORT_MOBILE-47.bt9.trace.res	SHORT_MOBILE-47	SHORT_MOBILE						
68	../traces/SHORT_MOBILE-48.bt9.trace.gz	341.000000	340.000000	340.160000	340.146000	340.152000	110000000	13232466	5851091	7381375	4501063	40.918755	statict/SHORT_MOBILE-48.bt9.trace.res	SHORT_MOBILE-48	SHORT_MOBILE						
69	../traces/SHORT_MOBILE-49.bt9.trace.gz	591.000000	601.600000	443.920000	377.787000		110000000	8690437	912039	7778398	3413037	31.027609	statict/SHORT_MOBILE-49.bt9.trace.res	SHORT_MOBILE-49	SHORT_MOBILE						
70	../traces/SHORT_MOBILE-50.bt9.trace.gz	0.000000	7.300000	370.280000	366.888000		110000000	9956899	465936	9490963	3685885	33.508045	statict/SHORT_MOBILE-50.bt9.trace.res	SHORT_MOBILE-50	SHORT_MOBILE						
71	../traces/SHORT_MOBILE-51.bt9.trace.gz	0.000000	14.600000	17.640000	19.125000		110000000	5672873	88863	5584010	107072	0.973382	statict/SHORT_MOBILE-51.bt9.trace.res	SHORT_MOBILE-51	SHORT_MOBILE						
72	../traces/SHORT_MOBILE-52.bt9.trace.gz	448.000000	446.700000	447.120000	447.675000	448.391000	110000000	22315178	2063656	20251522	10102519	91.841082	statict/SHORT_MOBILE-52.bt9.trace.res	SHORT_MOBILE-52	SHORT_MOBILE						
73	../traces/SHORT_MOBILE-53.bt9.trace.gz	345.000000	354.700000	339.820000	335.603000	350.253300	110000000	21707927	6075457	15632470	8065463	73.322391	statict/SHORT_MOBILE-53.bt9.trace.res	SHORT_MOBILE-53	SHORT_MOBILE						
74	../traces/SHORT_MOBILE-54.bt9.trace.gz	494.000000	511.900000	509.990000	518.774000		110000000	8917460	1165843	7751617	4668218	42.438345	statict/SHORT_MOBILE-54.bt9.trace.res	SHORT_MOBILE-54	SHORT_MOBILE						
75	../traces/SHORT_MOBILE-55.bt9.trace.gz	540.000000	549.700000	550.840000	551.299000	549.177300	110000000	14398970	11190	14387780	7716949	70.154082	statict/SHORT_MOBILE-55.bt9.trace.res	SHORT_MOBILE-55	SHORT_MOBILE						
76	../traces/SHORT_MOBILE-56.bt9.trace.gz	160.000000	159.900000	160.240000	160.190000		110000000	1388082	20264	1367818	222358	2.021436	statict/SHORT_MOBILE-56.bt9.trace.res	SHORT_MOBILE-56	SHORT_MOBILE						
77	../traces/SHORT_MOBILE-57.bt9.trace.gz	143.000000	143.600000	143.290000	143.307000		110000000	2750339	20797	2729542	394171	3.583373	statict/SHORT_MOBILE-57.bt9.trace.res	SHORT_MOBILE-57	SHORT_MOBILE						
78	../traces/SHORT_MOBILE-58.bt9.trace.gz	44.000000	38.800000	34.910000	33.825000		110000000	3499452	232765	3266687	118133	1.073936	statict/SHORT_MOBILE-58.bt9.trace.res	SHORT_MOBILE-58	SHORT_MOBILE						
79	../traces/SHORT_MOBILE-59.bt9.trace.gz	0.000000	0.600000	0.720000	0.695000		110000000	4782677	32	4782645	3339	0.030355	statict/SHORT_MOBILE-59.bt9.trace.res	SHORT_MOBILE-59	SHORT_MOBILE						
80	../traces/SHORT_MOBILE-60.bt9.trace.gz	421.000000	436.300000	484.150000	492.619000	487.669000	110000000	18496113	2415083	16081030	9115724	82.870218	statict/SHORT_MOBILE-60.bt9.trace.res	SHORT_MOBILE-60	SHORT_MOBILE						
81	../traces/SHORT_MOBILE-61.bt9.trace.gz	324.000000	532.200000	359.500000	350.948000	331.532800	172842062	32830844	13757651	19073193	10810254	62.544116	statict/SHORT_MOBILE-61.bt9.trace.res	SHORT_MOBILE-61	SHORT_MOBILE	331.738867					
82	../traces/SHORT_SERVER-1.bt9.trace.gz	374.000000	275.500000	409.960000	414.303000	383.206300	1283891318	230692527	67816063	162876464	89032276	69.345648	statict/SHORT_SERVER-1.bt9.trace.res	SHORT_SERVER-1	SHORT_SERVER	383.703433	385.530417	386.265030			
83	../traces/SHORT_SERVER-2.bt9.trace.gz	357.000000	330.600000	374.800000	377.537000	381.443600	449412053	78092054	29492675	48599379	29687308	66.058104	statict/SHORT_SERVER-2.bt9.trace.res	SHORT_SERVER-2	SHORT_SERVER	380.285567	380.428883				
84	../traces/SHORT_SERVER-3.bt9.trace.gz	413.000000	141.900000	295.880000	341.184000	417.299900	1578129863	419762285	19648824	400113461	206755367	131.012898	statict/SHORT_SERVER-3.bt9.trace.res	SHORT_SERVER-3	SHORT_SERVER	446.233400	472.308517	475.794670	488.429700		
85	../traces/SHORT_SERVER-4.bt9.trace.gz	108.000000	263.400000	197.860000	229.878000	208.815600	1978831966	378517087	86886271	291630816	92780536	46.886516	statict/SHORT_SERVER-4.bt9.trace.res	SHORT_SERVER-4	SHORT_SERVER	235.322533	254.832783	266.926730	242.867090		
86	../traces/SHORT_SERVER-5.bt9.trace.gz	291.000000	336.800000	466.610000	497.844000	506.797800	1170531026	196655624	54782910	141872714	82037972	70.086115	statict/SHORT_SERVER-5.bt9.trace.res	SHORT_SERVER-5	SHORT_SERVER	506.897733	505.229450	490.667130			
87	../traces/SHORT_SERVER-6.bt9.trace.gz	273.000000	284.500000	304.450000	326.483000	415.415300	651399373	121434382	12399915	109034467	95018927	145.868926	statict/SHORT_SERVER-6.bt9.trace.res	SHORT_SERVER-6	SHORT_SERVER	641.719400	736.331783	772.730380			
88	../traces/SHORT_SERVER-7.bt9.trace.gz	264.000000	266.000000	254.660000	202.632000	475.781500	1235738921	310005170	96770020	213235150	162394377	131.414795	statict/SHORT_SERVER-7.bt9.trace.res	SHORT_SERVER-7	SHORT_SERVER	482.908467	484.548200	485.577450	522.405890		
89	../traces/SHORT_SERVER-8.bt9.trace.gz	264.000000	188.500000	261.390000	321.774000	371.885600	611745116	141014493	17698602	123315891	97050854	158.645899	statict/SHORT_SERVER-8.bt9.trace.res	SHORT_SERVER-8	SHORT_SERVER	545.116800	626.758833	668.393120			
90	../traces/SHORT_SERVER-9.bt9.trace.gz	588.000000	598.900000	610.280000	590.973000	596.581500	209999900	13421374	1709774	11711600	8010357	38.144575	statict/SHORT_SERVER-9.bt9.trace.res	SHORT_SERVER-9	SHORT_SERVER						
91	../traces/SHORT_SERVER-10.bt9.trace.gz	638.000000	605.900000	606.900000	598.636000		209999900	9719858	1367409	8352449	4654301	22.163349	statict/SHORT_SERVER-10.bt9.trace.res	SHORT_SERVER-10	SHORT_SERVER						
92	../traces/SHORT_SERVER-11.bt9.trace.gz	300.000000	288.100000	289.930000	386.827000		69999900	2084055	334350	1749705	798915	11.413088	statict/SHORT_SERVER-11.bt9.trace.res	SHORT_SERVER-11	SHORT_SERVER						
93	../traces/SHORT_SERVER-12.bt9.trace.gz	133.000000	122.400000	130.970000	135.818000		209999900	1932687	340832	1591855	324599	1.545710	statict/SHORT_SERVER-12.bt9.trace.res	SHORT_SERVER-12	SHORT_SERVER						
94	../traces/SHORT_SERVER-13.bt9.trace.gz	4.000000	49.100000	55.200000	80.026000		209999900	3877075	308661	3568414	320461	1.526005	statict/SHORT_SERVER-13.bt9.trace.res	SHORT_SERVER-13	SHORT_SERVER						
95	../traces/SHORT_SERVER-14.bt9.trace.gz	140.000000	66.400000	47.120000	56.817000		209999900	3793270	313266	3480004	325446	1.549744	statict/SHORT_SERVER-14.bt9.trace.res	SHORT_SERVER-14	SHORT_SERVER						
96	../traces/SHORT_SERVER-15.bt9.trace.gz	359.000000	118.000000	306.820000	159.399000		209999900	4172656	401060	3771596	412114	1.962449	statict/SHORT_SERVER-15.bt9.trace.res	SHORT_SERVER-15	SHORT_SERVER						
97	../traces/SHORT_SERVER-16.bt9.trace.gz	164.000000	166.300000	83.300000	93.269000		69999900	9188780	494517	8694263	1066798	15.239993	statict/SHORT_SERVER-16.bt9.trace.res	SHORT_SERVER-16	SHORT_SERVER						
98	../traces/SHORT_SERVER-17.bt9.trace.gz	56.000000	40.400000	53.940000	53.383000	54.848600	69999900	10162615	305984	9856631	557517	7.964540	statict/SHORT_SERVER-17.bt9.trace.res	SHORT_SERVER-17	SHORT_SERVER						
99	../traces/SHORT_SERVER-18.bt9.trace.gz	659.000000	512.700000	475.030000	474.981000	330.266100	69999900	11223877	1446241	9777636	3374406	48.205869	statict/SHORT_SERVER-18.bt9.trace.res	SHORT_SERVER-18	SHORT_SERVER						
100	../traces/SHORT_SERVER-19.bt9.trace.gz	30.000000	33.500000	52.240000	46.868000	47.093100	69999900	10142200	269935	9872265	477330	6.819010	statict/SHORT_SERVER-19.bt9.trace.res	SHORT_SERVER-19	SHORT_SERVER						
101	../traces/SHORT_SERVER-20.bt9.trace.gz	158.000000	45.900000	49.980000	51.950000		69999900	6871835	368010	6503825	1018610	14.551592	statict/SHORT_SERVER-20.bt9.trace.res	SHORT_SERVER-20	SHORT_SERVER						
102	../traces/SHORT_SERVER-21.bt9.trace.gz	588.000000	585.800000	595.080000	595.435000		69999900	6794381	652034	6142347	3966658	56.666624	statict/SHORT_SERVER-21.bt9.trace.res	SHORT_SERVER-21	SHORT_SERVER						
103	../traces/SHORT_SERVER-22.bt9.trace.gz	148.000000	134.700000	124.880000	138.712000		69999900	4517065	301062	4216003	1133827	16.197552	statict/SHORT_SERVER-22.bt9.trace.res	SHORT_SERVER-22	SHORT_SERVER						
104	../traces/SHORT_SERVER-23.bt9.trace.gz	861.000000	818.400000	851.290000	520.728000		69999900	9592369	1388848	8203521	4557372	65.105407	statict/SHORT_SERVER-23.bt9.trace.res	SHORT_SERVER-23	SHORT_SERVER						
105	../traces/SHORT_SERVER-24.bt9.trace.gz	242.000000	93.800000	79.120000	85.096000		69999900	8069559	294990	7774569	888973	12.699632	statict/SHORT_SERVER-24.bt9.trace.res	SHORT_SERVER-24	SHORT_SERVER						
106	../traces/SHORT_SERVER-25.bt9.trace.gz	386.000000	470.000000	470.440000	503.143000	502.108700	69999900	12581329	2586441	9994888	6427003	91.814460	statict/SHORT_SERVER-25.bt9.trace.res	SHORT_SERVER-25	SHORT_SERVER						
107	../traces/SHORT_SERVER-26.bt9.trace.gz	243.000000	85.700000	63.070000	77.605000	77.777600	69999900	10203019	337597	9865422	788581	11.265459	statict/SHORT_SERVER-26.bt9.trace.res	SHORT_SERVER-26	SHORT_SERVER						
108	../traces/SHORT_SERVER-27.bt9.trace.gz	443.000000	482.400000	480.680000	501.694000		69999900	9287087	710016	8577071	4519680	64.566949	statict/SHORT_SERVER-27.bt9.trace.res	SHORT_SERVER-27	SHORT_SERVER						
109	../traces/SHORT_SERVER-28.bt9.trace.gz	495.000000	516.800000	512.880000	513.290000		69999900	8747086	2631256	6115830	4486433	64.091992	statict/SHORT_SERVER-28.bt9.trace.res	SHORT_SERVER-28	SHORT_SERVER						
110	../traces/SHORT_SERVER-29.bt9.trace.gz	463.000000	454.300000	450.030000	454.968000	445.365400	210000000	46474349	5147069	41327280	20643001	98.300005	statict/SHORT_SERVER-29.bt9.trace.res	SHORT_SERVER-29	SHORT_SERVER	443.894233					
111	../traces/SHORT_SERVER-30.bt9.trace.gz	563.000000	543.300000	575.700000	573.723000	598.177100	210000000	46004948	9463794	36541154	27328765	130.136976	statict/SHORT_SERVER-30.bt9.trace.res	SHORT_SERVER-30	SHORT_SERVER	600.614300					
112	../traces/SHORT_SERVER-31.bt9.trace.gz	518.000000	498.300000	512.600000	513.836000	531.417000	210000000	19863256	3564592	16298664	10550543	50.240681	statict/SHORT_SERVER-31.bt9.trace.res	SHORT_SERVER-31	SHORT_SERVER						
113	../traces/SHORT_SERVER-32.bt9.trace.gz	528.000000	634.100000	635.700000	639.813000	631.870600	69999900	14306156	1858158	12447998	8963506	128.050269	statict/SHORT_SERVER-32.bt9.trace.res	SHORT_SERVER-32	SHORT_SERVER						
114	../traces/SHORT_SERVER-33.bt9.trace.gz	635.000000	574.900000	592.230000	588.769000	576.707400	209999900	43955353	8026216	35929137	25895807	123.313425	statict/SHORT_SERVER-33.bt9.trace.res	SHORT_SERVER-33	SHORT_SERVER	594.356967					
115	../traces/SHORT_SERVER-34.bt9.trace.gz	0.000000	487.800000	480.710000	529.979000	530.117900	209999900	39298769	6937801	32360968	20456495	97.411927	statict/SHORT_SERVER-34.bt9.trace.res	SHORT_SERVER-34	SHORT_SERVER	522.244467					
116	../traces/SHORT_SERVER-35.bt9.trace.gz	571.000000	571.300000	561.080000	599.943000	620.652700	209999900	35774665	3672094	32102571	21523893	102.494777	statict/SHORT_SERVER-35.bt9.trace.res	SHORT_SERVER-35	SHORT_SERVER	603.776700					
117	../traces/SHORT_SERVER-36.bt9.trace.gz	500.000000	523.200000	392.120000	508.901000	515.463200	69999900	16484087	1003421	15480666	8499179	121.417016	statict/SHORT_SERVER-36.bt9.trace.res	SHORT_SERVER-36	SHORT_SERVER						
118	../traces/SHORT_SERVER-37.bt9.trace.gz	537.000000	632.600000	661.220000	658.564000	664.996600	69999900	18387558	137752	18249806	12232678	174.752793	statict/SHORT_SERVER-37.bt9.trace.res	SHORT_SERVER-37	SHORT_SERVER						
119	../traces/SHORT_SERVER-38.bt9.trace.gz	649.000000	607.300000	432.120000	568.053000	576.953200	69999900	17270014	431248	16838766	9965238	142.360746	statict/SHORT_SERVER-38.bt9.trace.res	SHORT_SERVER-38	SHORT_SERVER						
120	../traces/SHORT_SERVER-39.bt9.trace.gz	534.000000	636.700000	673.360000	665.730000	664.348900	69999900	16651735	106940	16544795	11037775	157.682725	statict/SHORT_SERVER-39.bt9.trace.res	SHORT_SERVER-39	SHORT_SERVER						
121	../traces/SHORT_SERVER-40.bt9.trace.gz	705.000000	692.200000	488.880000	517.883000	524.090200	69999900	17775282	1159517	16615765	9262640	132.323618	statict/SHORT_SERVER-40.bt9.trace.res	SHORT_SERVER-40	SHORT_SERVER						
122	../traces/SHORT_SERVER-41.bt9.trace.gz	563.000000	540.200000	544.530000	494.794000	490.260300	69999900	16839522	1210522	15629000	8250087	117.858554	statict/SHORT_SERVER-41.bt9.trace.res	SHORT_SERVER-41	SHORT_SERVER						
123	../traces/SHORT_SERVER-42.bt9.trace.gz	410.000000	512.500000	541.140000	487.527000	591.888300	209999900	43507507	7102083	36405424	23277308	110.844377	statict/SHORT_SERVER-42.bt9.trace.res	SHORT_SERVER-42	SHORT_SERVER	520.990367					
124	../traces/SHORT_SERVER-43.bt9.trace.gz	555.000000	597.900000	592.340000	555.992000	547.480700	209999900	41996836	7941436	34055400	23408802	111.470539	statict/SHORT_SERVER-43.bt9.trace.res	SHORT_SERVER-43	SHORT_SERVER	555.774533					
125	../traces/SHORT_SERVER-44.bt9.trace.gz	552.000000	530.800000	541.710000	548.189000	562.220800	209999900	44828530	7434794	37393736	24913592	118.636209	statict/SHORT_SERVER-44.bt9.trace.res	SHORT_SERVER-44	SHORT_SERVER	547.936967					
126	../traces/SHORT_SERVER-45.bt9.trace.gz	658.000000	728.500000	720.300000	686.174000	568.687800	209999900	41497912	8049649	33448263	23190220	110.429672	statict/SHORT_SERVER-45.bt9.trace.res	SHORT_SERVER-45	SHORT_SERVER	565.668233					
127	../traces/SHORT_SERVER-46.bt9.trace.gz	448.000000	521.000000	545.550000	549.561000	551.599300	209999900	45659583	7322983	38336600	25452804	121.203886	statict/SHORT_SERVER-46.bt9.trace.res	SHORT_SERVER-46	SHORT_SERVER	556.632433					
128	../traces/SHORT_SERVER-47.bt9.trace.gz	686.000000	699.100000	686.000000	676.279000	676.663100	209999900	28702711	3352015	25350696	19384473	92.307058	statict/SHORT_SERVER-47.bt9.trace.res	SHORT_SERVER-47	SHORT_SERVER						
129	../traces/SHORT_SERVER-48.bt9.trace.gz	691.000000	685.500000	703.730000	707.085000	695.063200	69999900	10565344	784090	9781254	7330640	104.723578	statict/SHORT_SERVER-48.bt9.trace.res	SHORT_SERVER-48	SHORT_SERVER						
130	../traces/SHORT_SERVER-49.bt9.trace.gz	619.000000	628.000000	637.030000	626.616000	619.270400	209999900	49965310	322690	49642620	31317099	149.129114	statict/SHORT_SERVER-49.bt9.trace.res	SHORT_SERVER-49	SHORT_SERVER	625.689533					
131	../traces/SHORT_SERVER-50.bt9.trace.gz	652.000000	650.700000	640.650000	638.150000	637.106700	209999900	30118455	412153	29706302	19241277	91.625172	statict/SHORT_SERVER-50.bt9.trace.res	SHORT_SERVER-50	SHORT_SERVER	638.827433					
132	../traces/SHORT_SERVER-51.bt9.trace.gz	494.000000	608.300000	618.740000	624.986000	605.270000	209999900	39593513	2536310	37057203	23959962	114.095111	statict/SHORT_SERVER-51.bt9.trace.res	SHORT_SERVER-51	SHORT_SERVER	605.494633					
133	../traces/SHORT_SERVER-52.bt9.trace.gz	641.000000	635.900000	621.810000	619.111000	614.303800	209999900	40849828	2258357	38591471	25071795	119.389557	statict/SHORT_SERVER-52.bt9.trace.res	SHORT_SERVER-52	SHORT_SERVER	612.985700					
134	../traces/SHORT_SERVER-53.bt9.trace.gz	541.000000	544.700000	538.030000	535.806000	529.142500	209999900	40411182	251536	40159646	21406160	101.934144	statict/SHORT_SERVER-53.bt9.trace.res	SHORT_SERVER-53	SHORT_SERVER	530.594267					
135	../traces/SHORT_SERVER-54.bt9.trace.gz	496.000000	618.600000	629.150000	629.685000	580.453900	209999900	41806416	1370831	40435585	23312562	111.012253	statict/SHORT_SERVER-54.bt9.trace.res	SHORT_SERVER-54	SHORT_SERVER	568.326667					
136	../traces/SHORT_SERVER-55.bt9.trace.gz	641.000000	639.400000	634.090000	627.452000	639.068000	209999900	30020494	428206	29592288	19245106	91.643406	statict/SHORT_SERVER-55.bt9.trace.res	SHORT_SERVER-55	SHORT_SERVER	641.060667					
137	../traces/SHORT_SERVER-56.bt9.trace.gz	441.000000	510.900000	514.310000	515.922000	513.569600	209999900	42376583	218254	42158329	21734123	103.495873	statict/SHORT_SERVER-56.bt9.trace.res	SHORT_SERVER-56	SHORT_SERVER	512.868633					
138	../traces/SHORT_SERVER-57.bt9.trace.gz	536.000000	526.200000	534.900000	526.970000	532.242200	209999900	40361498	255807	40105691	21415457	101.978415	statict/SHORT_SERVER-57.bt9.trace.res	SHORT_SERVER-57	SHORT_SERVER	529.998367					
139	../traces/SHORT_SERVER-58.bt9.trace.gz	612.000000	606.500000	604.560000	609.554000	611.907500	209999900	39913865	2416732	37497133	24405463	116.216546	statict/SHORT_SERVER-58.bt9.trace.res	SHORT_SERVER-58	SHORT_SERVER	611.781667					
140	../traces/SHORT_SERVER-59.bt9.trace.gz	501.000000	641.100000	650.890000	643.921000	590.268100	209999900	31916436	5033949	26882487	17270683	82.241387	statict/SHORT_SERVER-59.bt9.trace.res	SHORT_SERVER-59	SHORT_SERVER	544.881033					
141	../traces/SHORT_SERVER-60.bt9.trace.gz	636.000000	647.000000	637.380000	636.474000	636.791800	209999900	30265576	497903	29767673	19323131	92.014953	statict/SHORT_SERVER-60.bt9.trace.res	SHORT_SERVER-60	SHORT_SERVER	638.359633					
142	../traces/SHORT_SERVER-61.bt9.trace.gz	539.000000	542.100000	533.470000	534.602000	527.121800	209999900	40072820	1813459	38259361	23558115	112.181553	statict/SHORT_SERVER-61.bt9.trace.res	SHORT_SERVER-61	SHORT_SERVER	580.006433					
143	../traces/SHORT_SERVER-62.bt9.trace.gz	590.000000	591.400000	589.170000	600.458000	601.876300	209999900	39620879	2769749	36851130	23951269	114.053716	statict/SHORT_SERVER-62.bt9.trace.res	SHORT_SERVER-62	SHORT_SERVER	603.598133					
144	../traces/SHORT_SERVER-63.bt9.trace.gz	562.000000	569.000000	570.420000	572.249000	549.712000	209999900	44479917	3018309	41461608	24895431	118.549728	statict/SHORT_SERVER-63.bt9.trace.res	SHORT_SERVER-63	SHORT_SERVER	552.013400					
145	../traces/SHORT_SERVER-64.bt9.trace.gz	477.000000	523.900000	558.380000	589.242000	358.011800	209999900	27637800	1170396	26467404	11937853	56.846946	statict/SHORT_SERVER-64.bt9.trace.res	SHORT_SERVER-64	SHORT_SERVER						
146	../traces/SHORT_SERVER-65.bt9.trace.gz	654.000000	534.800000	633.310000	715.045000	662.940500	209999900	30074020	2572168	27501852	18418818	87.708699	statict/SHORT_SERVER-65.bt9.trace.res	SHORT_SERVER-65	SHORT_SERVER	612.867933					
147	../traces/SHORT_SERVER-66.bt9.trace.gz	594.000000	598.100000	605.740000	601.475000	602.801400	209999900	30580185	3098374	27481811	18922251	90.106000	statict/SHORT_SERVER-66.bt9.trace.res	SHORT_SERVER-66	SHORT_SERVER	619.082033					
148	../traces/SHORT_SERVER-67.bt9.trace.gz	608.000000	762.100000	771.020000	432.051000	701.499300	209999900	29821956	370188	29451768	20601392	98.101913	statict/SHORT_SERVER-67.bt9.trace.res	SHORT_SERVER-67	SHORT_SERVER						
149	../traces/SHORT_SERVER-68.bt9.trace.gz	945.000000	947.100000	938.920000	940.701000	940.471900	209999900	43735630	195074	43540556	41117019	195.795422	statict/SHORT_SERVER-68.bt9.trace.res	SHORT_SERVER-68	SHORT_SERVER	940.124033					
150	../traces/SHORT_SERVER-69.bt9.trace.gz	946.000000	947.200000	938.700000	333.002000	572.278000	209999900	40452309	2862828	37589481	23976584	114.174264	statict/SHORT_SERVER-69.bt9.trace.res	SHORT_SERVER-69	SHORT_SERVER	589.218767					
151	../traces/SHORT_SERVER-70.bt9.trace.gz	641.000000	629.800000	623.250000	623.122000	623.015800	209999900	32742867	2647823	30095044	20704077	98.590890	statict/SHORT_SERVER-70.bt9.trace.res	SHORT_SERVER-70	SHORT_SERVER	633.182000					
152	../traces/SHORT_SERVER-71.bt9.trace.gz	945.000000	947.200000	937.660000	933.955000	888.978000	209999900	35231196	1308051	33923145	14849945	70.714057	statict/SHORT_SERVER-71.bt9.trace.res	SHORT_SERVER-71	SHORT_SERVER	466.042867					
153	../traces/SHORT_SERVER-72.bt9.trace.gz	608.000000	598.600000	607.690000	483.221000	684.096600	209999900	33321440	1547873	31773567	22176550	105.602669	statict/SHORT_SERVER-72.bt9.trace.res	SHORT_SERVER-72	SHORT_SERVER	668.921500					
154	../traces/SHORT_SERVER-73.bt9.trace.gz	625.000000	610.400000	613.660000	615.194000	665.988900	209999900	32480378	1709598	30770780	21291127	101.386367	statict/SHORT_SERVER-73.bt9.trace.res	SHORT_SERVER-73	SHORT_SERVER	656.552900					
155	../traces/SHORT_SERVER-74.bt9.trace.gz	529.000000	628.100000	649.010000	370.947000	579.241000	209999900	31881201	1766773	30114428	11487170	54.700836	statict/SHORT_SERVER-74.bt9.trace.res	SHORT_SERVER-74	SHORT_SERVER	364.367600					
156	../traces/SHORT_SERVER-75.bt9.trace.gz	35.000000	38.000000	39.080000	109.798000	376.527900	209999900	30810742	1916104	28894638	14295811	68.075323	statict/SHORT_SERVER-75.bt9.trace.res	SHORT_SERVER-75	SHORT_SERVER	472.429833					
157	../traces/SHORT_SERVER-76.bt9.trace.gz	114.000000	144.100000	112.720000	76.427000	524.265600	209999900	24963574	1981631	22981943	13325595	63.455245	statict/SHORT_SERVER-76.bt9.trace.res	SHORT_SERVER-76	SHORT_SERVER						
158	../traces/SHORT_SERVER-77.bt9.trace.gz	135.000000	42.200000	44.090000	570.496000	742.769100	209999900	30459218	1674189	28785029	14810150	70.524557	statict/SHORT_SERVER-77.bt9.trace.res	SHORT_SERVER-77	SHORT_SERVER	482.727733					
159	../traces/SHORT_SERVER-78.bt9.trace.gz	568.000000	557.200000	564.190000	582.021000	303.835000	209999900	31995950	1286318	30709632	16940597	80.669548	statict/SHORT_SERVER-78.bt9.trace.res	SHORT_SERVER-78	SHORT_SERVER	502.297533					
160	../traces/SHORT_SERVER-79.bt9.trace.gz	798.000000	619.500000	555.650000	548.434000	288.270200	209999900	26835521	1353310	25482211	9426588	44.888536	statict/SHORT_SERVER-79.bt9.trace.res	SHORT_SERVER-79	SHORT_SERVER						
161	../traces/SHORT_SERVER-80.bt9.trace.gz	499.000000	585.400000	556.170000	529.963000	544.063600	209999900	41791201	2479210	39311991	11980374	57.049427	statict/SHORT_SERVER-80.bt9.trace.res	SHORT_SERVER-80	SHORT_SERVER	357.265200					
162	../traces/SHORT_SERVER-81.bt9.trace.gz	134.000000	43.400000	34.850000	783.966000	924.282200	209999900	40933778	649829	40283949	37003002	176.204855	statict/SHORT_SERVER-81.bt9.trace.res	SHORT_SERVER-81	SHORT_SERVER	926.719633					
163	../traces/SHORT_SERVER-82.bt9.trace.gz	667.000000	663.700000	671.390000	681.357000	707.759300	209999900	33493596	763311	32730285	22986282	109.458538	statict/SHORT_SERVER-82.bt9.trace.res	SHORT_SERVER-82	SHORT_SERVER	692.594100					
164	../traces/SHORT_SERVER-83.bt9.trace.gz	713.000000	619.100000	634.560000	539.924000	760.532700	209999900	31401500	513318	30888182	26958920	128.375871	statict/SHORT_SERVER-83.bt9.trace.res	SHORT_SERVER-83	SHORT_SERVER	854.674233					
165	../traces/SHORT_SERVER-84.bt9.trace.gz	530.000000	510.200000	562.650000	578.471000	562.244000	209999900	27290960	2071062	25219898	16292240	77.582132	statict/SHORT_SERVER-84.bt9.trace.res	SHORT_SERVER-84	SHORT_SERVER						
166	../traces/SHORT_SERVER-85.bt9.trace.gz	791.000000	782.800000	767.180000	756.854000	598.052500	209999900	27201595	2350372	24851223	14720438	70.097357	statict/SHORT_SERVER-85.bt9.trace.res	SHORT_SERVER-85	SHORT_SERVER						
167	../traces/SHORT_SERVER-86.bt9.trace.gz	772.000000	584.900000	579.840000	579.329000	609.888200	209999900	33018511	4608732	28409779	17772296	84.630021	statict/SHORT_SERVER-86.bt9.trace.res	SHORT_SERVER-86	SHORT_SERVER	527.586167					
168	../traces/SHORT_SERVER-87.bt9.trace.gz	722.000000	672.200000	664.870000	658.707000	565.726600	209999900	42708721	7409712	35299009	23706666	112.888939	statict/SHORT_SERVER-87.bt9.trace.res	SHORT_SERVER-87	SHORT_SERVER	571.498300					
169	../traces/SHORT_SERVER-88.bt9.trace.gz	629.000000	645.300000	632.370000	634.892000	689.125300	209999900	47523776	5676362	41847414	29659379	141.235205	statict/SHORT_SERVER-88.bt9.trace.res	SHORT_SERVER-88	SHORT_SERVER	644.195733					
170	../traces/SHORT_SERVER-89.bt9.trace.gz	518.000000	518.600000	517.370000	534.887000	593.151900	209999900	42783731	8161674	34622057	26712197	127.200999	statict/SHORT_SERVER-89.bt9.trace.res	SHORT_SERVER-89	SHORT_SERVER	617.799967					
171	../traces/SHORT_SERVER-90.bt9.trace.gz	680.000000	662.900000	665.470000	593.447000	595.695500	209999900	45054861	6982721	38072140	27090969	129.004676	statict/SHORT_SERVER-90.bt9.trace.res	SHORT_SERVER-90	SHORT_SERVER	601.124533					
172	../traces/SHORT_SERVER-91.bt9.trace.gz	472.000000	488.100000	556.650000	554.459000	560.863500	209999900	46677929	7932223	38745706	26821525	127.721608	statict/SHORT_SERVER-91.bt9.trace.res	SHORT_SERVER-91	SHORT_SERVER	575.349367					
173	../traces/SHORT_SERVER-92.bt9.trace.gz	417.000000	537.700000	580.600000	606.616000	617.192300	209999900	42130129	5434200	36695929	25917825	123.418273	statict/SHORT_SERVER-92.bt9.trace.res	SHORT_SERVER-92	SHORT_SERVER	614.423800					
174	../traces/SHORT_SERVER-93.bt9.trace.gz	403.000000	486.700000	480.050000	534.804000	581.071000	209999900	45119641	8404151	36715490	26974022	128.447785	statict/SHORT_SERVER-93.bt9.trace.res	SHORT_SERVER-93	SHORT_SERVER	602.589967					
175	../traces/SHORT_SERVER-94.bt9.trace.gz	846.000000	784.900000	724.630000	745.894000	756.748100	209999900	51586312	4173441	47412871	38296765	182.365634	statict/SHORT_SERVER-94.bt9.trace.res	SHORT_SERVER-94	SHORT_SERVER	752.075800					
176	../traces/SHORT_SERVER-95.bt9.trace.gz	603.000000	595.100000	597.550000	562.048000	677.869300	209999900	52840097	2309889	50530208	42212844	201.013639	statict/SHORT_SERVER-95.bt9.trace.res	SHORT_SERVER-95	SHORT_SERVER	776.195233					
177	../traces/SHORT_SERVER-96.bt9.trace.gz	537.000000	593.000000	640.900000	632.102000	600.851400	209999900	44869413	6775783	38093630	26748877	127.375665	statict/SHORT_SERVER-96.bt9.trace.res	SHORT_SERVER-96	SHORT_SERVER	588.400800					
178	../traces/SHORT_SERVER-97.bt9.trace.gz	480.000000	595.800000	638.820000	623.129000	639.893000	209999900	44246102	8065124	36180978	28328027	134.895431	statict/SHORT_SERVER-97.bt9.trace.res	SHORT_SERVER-97	SHORT_SERVER	642.328200					
179	../traces/SHORT_SERVER-98.bt9.trace.gz	524.000000	599.300000	616.660000	633.048000	658.622100	209999900	47457355	7391388	40065967	28685023	136.595413	statict/SHORT_SERVER-98.bt9.trace.res	SHORT_SERVER-98	SHORT_SERVER	604.438700					
180	../traces/SHORT_SERVER-99.bt9.trace.gz	607.000000	615.900000	619.910000	555.904000	592.201200	209999900	45337120	7783393	37553727	27597110	131.414872	statict/SHORT_SERVER-99.bt9.trace.res	SHORT_SERVER-99	SHORT_SERVER	611.720467					
181	../traces/SHORT_SERVER-100.bt9.trace.gz	547.000000	565.900000	572.410000	591.931000	584.020300	209999900	44409084	6587925	37821159	27014688	128.641433	statict/SHORT_SERVER-100.bt9.trace.res	SHORT_SERVER-100	SHORT_SERVER	603.881033					
182	../traces/SHORT_SERVER-101.bt9.trace.gz	450.000000	438.300000	437.930000	435.356000	433.055900	209999900	44679100	12491139	32187961	19908085	94.800450	statict/SHORT_SERVER-101.bt9.trace.res	SHORT_SERVER-101	SHORT_SERVER	435.141467					
183	../traces/SHORT_SERVER-102.bt9.trace.gz	509.000000	595.600000	598.090000	597.107000	597.631100	209999900	47481917	227698	47254219	28436863	135.413698	statict/SHORT_SERVER-102.bt9.trace.res	SHORT_SERVER-102	SHORT_SERVER	599.348300					
184	../traces/SHORT_SERVER-103.bt9.trace.gz	0.000000	276.700000	287.890000	305.209000	329.364700	209999900	19785204	2212028	17573176	7138174	33.991321	statict/SHORT_SERVER-103.bt9.trace.res	SHORT_SERVER-103	SHORT_SERVER						
185	../traces/SHORT_SERVER-104.bt9.trace.gz	223.000000	433.800000	469.120000	455.402000	468.505600	209999900	57527745	2873117	54654628	27009006	128.614376	statict/SHORT_SERVER-104.bt9.trace.res	SHORT_SERVER-104	SHORT_SERVER	469.590500					
186	../traces/SHORT_SERVER-105.bt9.trace.gz	684.000000	678.200000	679.160000	669.988000	672.660200	209999900	47387679	1724021	45663658	31892612	151.869653	statict/SHORT_SERVER-105.bt9.trace.res	SHORT_SERVER-105	SHORT_SERVER	673.056400					
187	../traces/SHORT_SERVER-106.bt9.trace.gz	448.000000	463.400000	469.160000	469.003000	527.701800	209999900	45061286	9754304	35306982	23854151	113.591249	statict/SHORT_SERVER-106.bt9.trace.res	SHORT_SERVER-106	SHORT_SERVER	555.264400					
188	../traces/SHORT_SERVER-107.bt9.trace.gz	666.000000	634.100000	677.480000	677.578000	680.178300	209999900	35315000	3751805	31563195	24031431	114.435440	statict/SHORT_SERVER-107.bt9.trace.res	SHORT_SERVER-107	SHORT_SERVER	680.327700					
189	../traces/SHORT_SERVER-108.bt9.trace.gz	679.000000	689.800000	665.850000	670.793000	673.020000	209999900	46358811	7602571	38756240	31201561	148.578933	statict/SHORT_SERVER-108.bt9.trace.res	SHORT_SERVER-108	SHORT_SERVER	672.962433					
190	../traces/SHORT_SERVER-109.bt9.trace.gz	586.000000	601.500000	594.740000	598.287000	588.594000	209999900	43022243	5956442	37065801	25685724	122.313030	statict/SHORT_SERVER-109.bt9.trace.res	SHORT_SERVER-109	SHORT_SERVER	598.540133					
191	../traces/SHORT_SERVER-110.bt9.trace.gz	887.000000	888.700000	760.800000	530.486000	573.569400	209999900	42235697	6607011	35628686	22477691	107.036675	statict/SHORT_SERVER-110.bt9.trace.res	SHORT_SERVER-110	SHORT_SERVER	540.853167					
192	../traces/SHORT_SERVER-111.bt9.trace.gz	530.000000	578.400000	613.230000	615.496000	585.720800	209999900	46158955	7928516	38230439	25909000	123.376249	statict/SHORT_SERVER-111.bt9.trace.res	SHORT_SERVER-111	SHORT_SERVER	549.905267					
193	../traces/SHORT_SERVER-112.bt9.trace.gz	611.000000	546.000000	548.560000	550.364000	479.512700	209999900	48482924	9738133	38744791	26755220	127.405870	statict/SHORT_SERVER-112.bt9.trace.res	SHORT_SERVER-112	SHORT_SERVER	540.416700					
194	../traces/SHORT_SERVER-113.bt9.trace.gz	606.000000	609.400000	609.410000	606.680000	565.629000	209999900	45102179	7790819	37311360	26544490	126.402394	statict/SHORT_SERVER-113.bt9.trace.res	SHORT_SERVER-113	SHORT_SERVER	596.182767					
195	../traces/SHORT_SERVER-114.bt9.trace.gz	648.000000	649.100000	649.570000	648.295000	654.862500	209999900	42997480	8496661	34500819	25895927	123.313997	statict/SHORT_SERVER-114.bt9.trace.res	SHORT_SERVER-114	SHORT_SERVER	625.563367					
196	../traces/SHORT_SERVER-115.bt9.trace.gz	617.000000	635.500000	617.980000	681.205000	693.526200	209999900	38607470	1862807	36744663	26970085	128.429037	statict/SHORT_SERVER-115.bt9.trace.res	SHORT_SERVER-115	SHORT_SERVER	696.699000					
197	../traces/SHORT_SERVER-116.bt9.trace.gz	663.000000	619.300000	632.420000	626.832000	625.199700	209999900	35845207	3146743	32698464	23360177	111.238991	statict/SHORT_SERVER-116.bt9.trace.res	SHORT_SERVER-116	SHORT_SERVER	647.557267					
198	../traces/SHORT_SERVER-117.bt9.trace.gz	656.000000	628.100000	628.380000	629.395000	642.366100	209999900	36543158	3166241	33376917	24949203	118.805785	statict/SHORT_SERVER-117.bt9.trace.res	SHORT_SERVER-117	SHORT_SERVER	691.334833					
199	../traces/SHORT_SERVER-118.bt9.trace.gz	641.000000	621.300000	598.190000	594.831000	593.808400	209999900	30518537	3000951	27517586	18048201	85.943855	statict/SHORT_SERVER-118.bt9.trace.res	SHORT_SERVER-118	SHORT_SERVER	591.382700					
200	../traces/SHORT_SERVER-119.bt9.trace.gz	667.000000	638.500000	616.600000	652.438000	662.114300	209999900	39612481	2375036	37237445	26134381	124.449493	statict/SHORT_SERVER-119.bt9.trace.res	SHORT_SERVER-119	SHORT_SERVER	658.239700					
201	../traces/SHORT_SERVER-120.bt9.trace.gz	594.000000	621.100000	614.960000	635.081000	638.012400	209999900	36340527	3122595	33217932	23134661	110.165105	statict/SHORT_SERVER-120.bt9.trace.res	SHORT_SERVER-120	SHORT_SERVER	637.081600					
202	../traces/SHORT_SERVER-121.bt9.trace.gz	194.000000	112.900000	202.670000	197.166000	193.935300	209999900	18382127	5410472	12971655	4845367	23.073187	statict/SHORT_SERVER-121.bt9.trace.res	SHORT_SERVER-121	SHORT_SERVER						
203	../traces/SHORT_SERVER-122.bt9.trace.gz	112.000000	179.900000	205.600000	262.823000	275.095100	209999900	20012811	5816090	14196721	5615570	26.740822	statict/SHORT_SERVER-122.bt9.trace.res	SHORT_SERVER-122	SHORT_SERVER						
204	../traces/SHORT_SERVER-123.bt9.trace.gz	225.000000	199.400000	232.680000	210.831000	207.402800	209999900	16717997	5538045	11179952	3462840	16.489722	statict/SHORT_SERVER-123.bt9.trace.res	SHORT_SERVER-123	SHORT_SERVER						
205	../traces/SHORT_SERVER-124.bt9.trace.gz	534.000000	624.000000	637.050000	636.608000		209999900	8722586	324487	8398099	5533572	26.350355	statict/SHORT_SERVER-124.bt9.trace.res	SHORT_SERVER-124	SHORT_SERVER						
206	../traces/SHORT_SERVER-125.bt9.trace.gz	670.000000	626.600000	656.530000	644.297000		209999900	9616504	411513	9204991	6168132	29.372071	statict/SHORT_SERVER-125.bt9.trace.res	SHORT_SERVER-125	SHORT_SERVER						
207	../traces/SHORT_SERVER-126.bt9.trace.gz	887.000000	805.300000	768.620000	763.879000	759.443700	209999900	48373414	886118	47487296	36110760	171.956082	statict/SHORT_SERVER-126.bt9.trace.res	SHORT_SERVER-126	SHORT_SERVER	768.038000					
208	../traces/SHORT_SERVER-127.bt9.trace.gz	538.000000	638.500000	632.810000	634.655000	712.067300	209999900	47621306	935999	46685307	34528935	164.423578	statict/SHORT_SERVER-127.bt9.trace.res	SHORT_SERVER-127	SHORT_SERVER	691.820167					
209	../traces/SHORT_SERVER-128.bt9.trace.gz	679.000000	642.000000	661.580000	632.285000	619.848000	209999900	52002908	3180729	48822179	32432738	154.441683	statict/SHORT_SERVER-128.bt9.trace.res	SHORT_SERVER-128	SHORT_SERVER	623.739033					
210	../traces/SHORT_SERVER-129.bt9.trace.gz	545.000000	555.300000	549.830000	602.800000	598.108900	209999900	50749907	3833208	46916699	30479465	145.140379	statict/SHORT_SERVER-129.bt9.trace.res	SHORT_SERVER-129	SHORT_SERVER	595.841500					
211	../traces/SHORT_SERVER-130.bt9.trace.gz	709.000000	714.400000	721.610000	709.725000	708.661400	209999900	25154936	450486	24704450	17835215	84.929636	statict/SHORT_SERVER-130.bt9.trace.res	SHORT_SERVER-130	SHORT_SERVER						
212	../traces/SHORT_SERVER-131.bt9.trace.gz	694.000000	681.500000	694.580000	679.352000	693.961300	209999900	55489275	682012	54807263	37967040	180.795515	statict/SHORT_SERVER-131.bt9.trace.res	SHORT_SERVER-131	SHORT_SERVER	690.804767					
213	../traces/SHORT_SERVER-132.bt9.trace.gz	617.000000	550.400000	612.740000	624.899000	628.897800	209999900	48604002	9590749	39013253	30520617	145.336341	statict/SHORT_SERVER-132.bt9.trace.res	SHORT_SERVER-132	SHORT_SERVER	627.789900					
214	../traces/SHORT_SERVER-133.bt9.trace.gz	577.000000	572.200000	600.630000	645.886000	620.060400	209999900	44724072	9217482	35506590	27442258	130.677481	statict/SHORT_SERVER-133.bt9.trace.res	SHORT_SERVER-133	SHORT_SERVER	612.750500					
215	../traces/SHORT_SERVER-134.bt9.trace.gz	690.000000	503.900000	620.640000	684.458000	765.873500	209999900	50313372	6901134	43412238	39082896	186.109117	statict/SHORT_SERVER-134.bt9.trace.res	SHORT_SERVER-134	SHORT_SERVER	775.074533					
216	../traces/SHORT_SERVER-135.bt9.trace.gz	622.000000	619.200000	620.870000	629.251000	620.527400	209999900	44375701	8377793	35997908	27478541	130.850258	statict/SHORT_SERVER-135.bt9.trace.res	SHORT_SERVER-135	SHORT_SERVER	619.916533					
217	../traces/SHORT_SERVER-136.bt9.trace.gz	786.000000	783.800000	781.460000	779.970000	779.258000	209999900	49648511	6657671	42990840	36947224	175.939246	statict/SHORT_SERVER-136.bt9.trace.res	SHORT_SERVER-136	SHORT_SERVER	767.434533					
218	../traces/SHORT_SERVER-137.bt9.trace.gz	561.000000	633.300000	634.000000	605.013000	609.365400	209999900	37295952	5520020	31775932	22649487	107.854751	statict/SHORT_SERVER-137.bt9.trace.res	SHORT_SERVER-137	SHORT_SERVER	606.722700					
219	../traces/SHORT_SERVER-138.bt9.trace.gz	412.000000	673.500000	823.090000	837.473000	793.905800	209999900	54704376	5496264	49208112	41675539	198.455042	statict/SHORT_SERVER-138.bt9.trace.res	SHORT_SERVER-138	SHORT_SERVER	734.661567					
220	../traces/SHORT_SERVER-139.bt9.trace.gz	257.000000	277.400000	256.220000	351.088000	289.592100	455262770	111389877	53874028	57515849	35306673	77.552296	statict/SHORT_SERVER-139.bt9.trace.res	SHORT_SERVER-139	SHORT_SERVER	312.159033	318.987433	317.692840			
